<!--
    Licensed to the Apache Software Foundation (ASF) under one or more
    contributor license agreements.  See the NOTICE file distributed with
    this work for additional information regarding copyright ownership.
    The ASF licenses this file to You under the Apache License, Version 2.0
    (the "License"); you may not use this file except in compliance with
    the License.  You may obtain a copy of the License at

    http://www.apache.org/licenses/LICENSE-2.0

    Unless required by applicable law or agreed to in writing, software
    distributed under the License is distributed on an "AS IS" BASIS,
    WITHOUT WARRANTIES OR CONDITIONS OF ANY KIND, either express or implied.
    See the License for the specific language governing permissions and
    limitations under the License.
-->
<!--
    Use JDBC for message persistence
    For more information, see:

    http://activemq.apache.org/persistence.html

    You need to add Derby database to your classpath in order to make this example work.
    Download it from http://db.apache.org/derby/ and put it in the ${ACTIVEMQ_HOME}/lib/optional/ folder
    Optionally you can configure any other RDBM as shown below

    To run ActiveMQ with this configuration add xbean:examples/conf/activemq-jdbc-performance.xml to your command

    e.g. $ bin/activemq console xbean:examples/conf/activemq-jdbc-performance.xml
 -->
<beans
  xmlns="http://www.springframework.org/schema/beans"
  xmlns:xsi="http://www.w3.org/2001/XMLSchema-instance"
  xsi:schemaLocation="http://www.springframework.org/schema/beans http://www.springframework.org/schema/beans/spring-beans.xsd
  http://activemq.apache.org/schema/core http://activemq.apache.org/schema/core/activemq-core.xsd">

  <!-- Allows us to use system properties as variables in this configuration file -->
  <bean class="org.springframework.beans.factory.config.PropertyPlaceholderConfigurer">
      <property name="locations">
          <value>file:${activemq.conf}/credentials.properties</value>
      </property>
  </bean>

  <broker useJmx="true" brokerName="jdbcBroker" xmlns="http://activemq.apache.org/schema/core">

        <destinationPolicy>
            <policyMap>
              <policyEntries>
                <policyEntry topic=">" expireMessagesPeriod="0" prioritizedMessages="false">
                </policyEntry>
                <policyEntry queue=">" expireMessagesPeriod="0" prioritizedMessages="false">
                </policyEntry>
              </policyEntries>
            </policyMap>
        </destinationPolicy>

    <!--
        See more database locker options at http://activemq.apache.org/pluggable-storage-lockers.html
    -->
    <persistenceAdapter>
       <!--  for mysql-ds below, add attribute: dataSource="#mysql-ds" -->
       <jdbcPersistenceAdapter dataDirectory="${activemq.data}" cleanupPeriod="0" />
    </persistenceAdapter>

    <transportConnectors>
       <transportConnector name="openwire" uri="tcp://0.0.0.0:61616"/>
    </transportConnectors>
  </broker>



  <!-- MySql DataSource Sample Setup -->
  <bean id="mysql-ds" class="org.apache.commons.dbcp2.BasicDataSource" destroy-method="close">
    <property name="driverClassName" value="com.mysql.jdbc.Driver"/>
    <property name="url" value="jdbc:mysql://localhost/activemq?relaxAutoCommit=true"/>
    <property name="username" value="root"/>
    <property name="password" value="root"/>
    <property name="maxTotal" value="200"/>
    <property name="poolPreparedStatements" value="true"/>
  </bean>

</beans>
